{"cameraMode":{"drawMode":0,"name":"Shaded","section":"Shading Mode"},"sceneLighting":true,"audioPlay":false,"sceneViewState":{"showFog":true,"showMaterialUpdate":false,"showSkybox":true,"showFlares":true,"showImageEffects":true,"showParticleSystems":true},"in2DMode":false,"pivot":{"x":-0.3209228515625,"y":1.51153564453125,"z":86.57421875},"rotation":{"x":0.013179871253669262,"y":0.03958410024642944,"z":0.000522555026691407,"w":-0.9991292357444763},"size":10.028863906860352,"orthographic":true}