{"cameraMode":{"drawMode":0,"name":"Shaded","section":"Shading Mode"},"sceneLighting":true,"audioPlay":false,"sceneViewState":{"showFog":true,"showMaterialUpdate":false,"showSkybox":true,"showFlares":true,"showImageEffects":true,"showParticleSystems":true},"in2DMode":false,"pivot":{"x":4.164641380310059,"y":-2.8235535621643068,"z":89.79639434814453},"rotation":{"x":0.013179871253669262,"y":0.03958410024642944,"z":0.000522555026691407,"w":-0.9991292357444763},"size":6.863467216491699,"orthographic":true}