{"cameraMode":{"drawMode":0,"name":"Shaded","section":"Shading Mode"},"sceneLighting":true,"audioPlay":false,"sceneViewState":{"showFog":true,"showMaterialUpdate":false,"showSkybox":true,"showFlares":true,"showImageEffects":true,"showParticleSystems":true},"in2DMode":false,"pivot":{"x":4.298588752746582,"y":3.430339813232422,"z":100.83123779296875},"rotation":{"x":-0.02876705676317215,"y":0.051553599536418918,"z":-0.0014852554304525257,"w":-0.9982547760009766},"size":18.76082420349121,"orthographic":false}