{"cameraMode":{"drawMode":0,"name":"Shaded","section":"Shading Mode"},"sceneLighting":true,"audioPlay":false,"sceneViewState":{"showFog":true,"showMaterialUpdate":false,"showSkybox":true,"showFlares":true,"showImageEffects":true,"showParticleSystems":true},"in2DMode":false,"pivot":{"x":0.5875504016876221,"y":-3.013840675354004,"z":89.37664794921875},"rotation":{"x":-0.06626064330339432,"y":-0.0023967791348695757,"z":0.00015954274567775428,"w":-0.9977995157241821},"size":1.992058515548706,"orthographic":false}