{"cameraMode":{"drawMode":0,"name":"Shaded","section":"Shading Mode"},"sceneLighting":true,"audioPlay":false,"sceneViewState":{"showFog":true,"showMaterialUpdate":false,"showSkybox":true,"showFlares":true,"showImageEffects":true,"showParticleSystems":true},"in2DMode":false,"pivot":{"x":6.19189453125,"y":0.73370361328125,"z":90.359375},"rotation":{"x":0.013179871253669262,"y":0.03958410024642944,"z":0.000522555026691407,"w":-0.9991292357444763},"size":13.366266250610352,"orthographic":true}