{"cameraMode":{"drawMode":0,"name":"Shaded","section":"Shading Mode"},"sceneLighting":true,"audioPlay":false,"sceneViewState":{"showFog":true,"showMaterialUpdate":false,"showSkybox":true,"showFlares":true,"showImageEffects":true,"showParticleSystems":true},"in2DMode":false,"pivot":{"x":3.2076709270477297,"y":-0.13639777898788453,"z":89.90725708007813},"rotation":{"x":0.0011903493432328106,"y":-0.02040077932178974,"z":-0.000023908796720206738,"w":-0.9997912049293518},"size":14.453878402709961,"orthographic":false}